Timestep,Average Total Reward,Average Suboptimal Arms,Average Regret
2,1.64,1.0,0.09999999999999981
3,2.55,1.0,0.09999999999999981
100,89.75,1.0,0.09999999999999981
200,180.34,1.0,0.09999999999999981
2000,1801.56,1.0,0.09999999999999981
10000,8999.4,1.0,0.09999999999999981
20000,17997.57,1.0,0.09999999999999981
40000,36003.44,1.0,0.09999999999999981
60000,54011.1,1.0,0.09999999999999981
80000,71992.45,1.0,0.09999999999999981
100000,89991.82,1.0,0.09999999999999981
