Timestep,Average Total Reward,Average Suboptimal Arms,Average Regret
2,1.78,1.0,0.09999999999999981
3,2.57,1.09,0.10899999999999979
100,86.38,37.35,3.734999999999997
200,173.11,71.79,7.179000000000001
2000,1758.78,394.51,39.451
10000,8911.22,860.77,86.07700000000004
20000,17894.54,1106.02,110.60200000000003
40000,35861.0,1435.2,143.51999999999998
60000,53849.52,1563.43,156.34300000000002
80000,71824.35,1684.22,168.42200000000005
100000,89829.14,1698.62,169.86199999999997
