Timestep,Average Total Reward,Average Suboptimal Arms,Average Regret
2,1.69,1.0,0.09999999999999981
3,2.68,1.05,0.1049999999999998
100,86.63,38.33,3.8330000000000006
200,172.24,69.72,6.972000000000001
